RATING,NSECODE,MCCODE,FCODE,CONS,ISIN,NAME,LISTING,SECTOR,INDUSTRY,RATIOS,MCAP
0,PAGEIND,pi35,pi35,S,INE761H01022,Page Industries ,3/16/2007,Textiles,Branded Apparel,SO,16108
0,GODREJCP,gcp,gcp,C,INE102D01028,Godrej Consumer Products ,6/20/2001,Consumer Nondurables,Branded Personal Care,SO,60119
0,EMAMILTD,e05,e06,C,INE548C01032,Emami ,8/3/2006,Consumer Nondurables,Branded Personal Care,SO,24585
0,BRITANNIA,bi,bi,C,INE216A01022,Britannia Industries ,11/5/1998,Consumer Nondurables,Branded Foods,SO,42484
0,MARICO,mi25,m13,C,INE196A01026,Marico ,5/1/1996,Consumer Nondurables,Branded Personal Care,SO,39269
0,DABUR,di,di,C,INE016A01026,Dabur India ,4/28/1999,Consumer Nondurables,Branded Diversified FMCG,SO,48372
0,ITC,itc,itc,S,INE154A01025,ITC ,8/23/1995,Consumer Nondurables,Branded Diversified FMCG,SO,331509
0,UBL,ubb,ub02,S,INE686F01025,United Breweries ,7/28/2008,Consumer Nondurables,Branded Alcoholic Beverages,S,20594
0,PIDILITIND,pi11,pi11,C,INE318A01026,Pidilite Industries ,3/29/1995,Chemicals,Branded Chemicals,SO,37900
0,ASIANPAINT,api,ap31,C,INE021A01026,Asian Paints ,5/31/1995,Chemicals,Branded Paints,SO,112472
1,SUNPHARMA,spi,spi,C,INE044A01036,Sun Pharmaceuticals Industries ,2/8/1995,Pharmaceuticals,Pharmaceuticals,SO,153244
1,LUPIN,lc03,l,C,INE326A01037,Lupin ,9/10/2001,Pharmaceuticals,Pharmaceuticals,SO,57856
1,JUBLFOOD,jf04,jf04,S,INE797F01012,Jubilant Foodworks ,2/8/2010,Services,Restaurants,SO,6646
0,APOLLOHOSP,ahe,ahe,S,INE437A01024,Apollo Hospitals Enterprise ,1/10/1996,Services,Healthcare,SO,17661
0,EICHERMOT,em,em,C,INE066A01013,Eicher Motors ,9/7/2004,Automotive,2 and 3 wheelers,SO,73127
0,HINDUNILVR,hl,hu,S,INE030A01027,Hindustan Unilever ,7/6/1995,Consumer Nondurables,Branded Diversified FMCG,SO,206597
0,PGHH,pgi,pgh,S,INE179A01014,Procter & Gamble Hygiene and Health Care ,7/7/2004,Consumer Nondurables,Branded Personal Care,SO,25271
0,NESTLEIND,ni,ni,S,INE239A01016,Nestle India ,1/8/2010,Consumer Nondurables,Branded Foods,SO,64757
0,GSKCONS,sb,gsc04,S,INE264A01014,GlaxoSmithKline Consumer Healthcare ,6/16/2003,Consumer Nondurables,Branded Foods,SO,21782
0,COLPAL,cpi,cpi,S,INE259A01022,Colgate Palmolive (India) ,12/17/2007,Consumer Nondurables,Branded Personal Care,SO,26793
0,3MINDIA,b3m,mi42,S,INE470A01017,3M India ,8/13/2004,Chemicals,Branded Chemicals,SO,13002
0,GILLETTE,isp,gi22,S,INE322A01010,Gillette India ,7/30/2003,Consumer Nondurables,Branded Personal Care,S,15762
1,MCDOWELL-N,mc08,us,S,INE854D01016,United Spirits ,9/27/2001,Consumer Nondurables,Branded Alcoholic Beverages,S,27695
1,BATAINDIA,bi01,bi01,S,INE176A01028,Bata India ,6/18/2003,Consumer Nondurables,Branded Footwear,SO,7385
1,GODREJIND,gs,gi23,C,INE233A01035,Godrej Industries ,2/25/2003,Consumer Nondurables,Branded Personal Care,SO,18353
1,TTKPRESTIG,ttk02,ttk02,S,INE690A01010,TTK Prestige ,12/22/1999,Consumer Durables,Branded Appliances,SO,7551
1,JYOTHYLAB,jl,jl,C,INE668F01031,Jyothy Laboratories ,12/19/2007,Consumer Nondurables,Branded Personal Care,SO,6745
1,ZYDUSWELL,cna,zw01,C,INE768C01010,Zydus Wellness ,11/13/2009,Consumer Nondurables,Branded Foods,SO,3397
1,MONSANTO,mci01,mi39,S,INE274B01011,Monsanto India ,1/19/2000,Chemicals,Agrochemicals,SO,4461
1,BAYERCROP,hsa01,bc12,S,INE462A01022,Bayer Cropscience ,1/8/2010,Chemicals,Agrochemicals,SO,16714
1,INFY,it,it,C,INE009A01021,Infosys ,2/8/1995,Technology,IT Consulting,SO,215907
1,WIPRO,w,w,C,INE075A01022,Wipro ,11/8/1995,Technology,IT Consulting,SO,124305
1,TCS,tcs,tcs,C,INE467B01029,Tata Consultancy Services ,8/25/2004,Technology,IT Consulting,SO,460977
1,HCLTECH,hcl02,hcl02,C,INE860A01027,HCL Technologies ,1/6/2000,Technology,IT Consulting,SO,120380
1,TECHM,tm4,tm4,C,INE669C01036,Tech Mahindra ,8/28/2006,Technology,IT Consulting,SO,40942
1,HDFCBANK,hdf01,hdf01,S,INE040A01026,HDFC Bank ,11/8/1995,Finance,Private Sector Bank,P,393406
1,HDFC,hdf,hdf,C,INE001A01036,Housing Development Finance Corporation ,10/23/1996,Finance,Housing Finance,SO,243514
1,GRUH,gru,gru,S,INE580B01029,Gruh Finance ,9/10/2004,Finance,Housing Finance,SO,15177
0,CRISIL,cri,cri,C,INE007A01025,CRISIL ,6/28/1995,Finance,Ratings Research,SO,13517
0,ICRA,icr,icr,C,INE725G01011,ICRA ,4/13/2007,Finance,Ratings Research,SO,4166
1,CIPLA,c,c,C,INE059A01026,Cipla ,2/8/1995,Pharmaceuticals,Pharmaceuticals,SO,44447
1,TATAMOTORS,tel,tm03,C,INE155A01022,Tata Motors ,7/22/1998,Automotive,Cars and Utility Vehicles,SO,135184
1,MARUTI,mu01,ms24,S,INE585B01010,Maruti Suzuki India ,7/9/2003,Automotive,Cars and Utility Vehicles,SO,200313
1,M&M,mm,mm,S,INE101A01026,Mahindra & Mahindra ,1/3/1996,Automotive,Cars and Utility Vehicles,SP,82917
1,HEROMOTOCO,hhm,hhm,S,INE158A01026,Hero MotoCorp ,4/11/2003,Automotive,2 and 3 wheelers,SO,68306
1,BAJAJ-AUTO,ba06,ba10,C,INE917I01010,Bajaj Auto ,5/26/2008,Automotive,2 and 3 wheelers,SO,82719
1,MRF,mrf,mrf,S,INE883A01011,MRF ,9/18/1996,Automotive,Tyres and Rubber Products,SO,28559
1,LT,lt,lt,C,INE018A01030,Larsen & Toubro ,6/23/2004,Engineering,Diversified,SO,159629
2,ABB,abb,abb,S,INE117A01022,ABB India ,2/8/1995,Engineering Equipment,Electrical Equipment,SO,29687
2,ACC,acc,acc06,C,INE012A01025,ACC ,11/20/1996,Construction Materials,Cement,SO,32029
2,ATFL,itc02,atf,S,INE209A01019,Agro Tech Foods ,12/6/2002,Consumer Nondurables,Branded Foods,SO,1248
2,AKZOINDIA,ici,ici,S,INE133A01011,Akzo Nobel India ,6/28/2001,Chemicals,Branded Paints,SO,9232
2,AXISBANK,uti10,ab16,S,INE238A01034,Axis Bank ,11/16/1998,Finance,Private Sector Bank,P,122607
1,BERGEPAINT,bpi02,bpi02,C,INE463A01038,Berger Paints (I) ,11/24/1999,Chemicals,Branded Paints,SO,25679
2,BHEL,bhe,bhe,S,INE257A01026,Bharat Heavy Electricals ,11/11/2003,Engineering,Power Infrastructure,S,43091
2,BHARTIARTL,btv,ba08,C,INE397D01024,Bharti Airtel ,2/15/2002,Utilities,Telecom Services,SO,140930
1,CASTROLIND,ci01,ci01,S,INE172A01027,Castrol India ,3/14/2014,Oil and Gas,Branded Lubricants,SO,21877
2,COALINDIA,ci29,ci11,C,INE522F01014,Coal India ,11/4/2010,Metals and Mining,Coal Mining,SO,173186
2,CONCOR,cci,cci,S,INE111A01017,Container Corporation of India ,5/7/1997,Services,Logistics,SO,28859
1,DRREDDY,drl,drl,C,INE089A01023,Dr. Reddy's Laboratories ,5/30/2003,Pharmaceuticals,Pharmaceuticals,SO,43155
2,ECLERX,es07,es06,C,INE738I01010,eClerx Services ,12/31/2007,Technology,BPO,SO,5239
2,EXIDEIND,ei,ei,S,INE302A01020,Exide Industries ,6/17/2003,Automotive,Auto Ancillaries,SP,20458
2,GAIL,gai,gai,S,INE129A01019,GAIL (India) ,4/2/1997,Oil and Gas,Exploration and Production,SO,71026
2,GLENMARK,gp08,gp08,C,INE935A01035,Glenmark Pharmaceuticals ,2/7/2000,Pharmaceuticals,Pharmaceuticals,SO,24166
1,GODFRYPHLP,gpi,gpi,S,INE260B01028,Godfrey Phillips India ,7/24/1996,Consumer Nondurables,Tobacco,SO,6107
2,ICICIBANK,ici02,ici02,S,INE090A01021,ICICI Bank ,9/17/1997,Finance,Private Sector Bank,P,176292
2,IDEA,ic8,ic8,C,INE669E01016,Idea Cellular ,3/9/2007,Utilities,Telecom Services,SO,31531
1,INDUSINDBK,iib,iib,S,INE095A01012,IndusInd Bank ,1/28/1998,Finance,Private Sector Bank,P,85780
1,KANSAINER,gnp,knp,S,INE531A01024,Kansai Nerolac Paints ,9/15/2003,Chemicals,Branded Paints,SO,21815
1,KOTAKBANK,kmf,kmb,C,INE237A01028,Kotak Mahindra Bank ,12/20/1995,Finance,Private Sector Bank,P,167681
2,LICHSGFIN,lic,lic,S,INE115A01026,LIC Housing Finance ,7/29/1998,Finance,Housing Finance,SO,35442
2,MINDTREE,mc20,mt13,C,INE018I01017,MindTree ,3/7/2007,Technology,IT Consulting,SO,8412
2,NTPC,ntp,ntp,S,INE733E01010,NTPC ,11/5/2004,Utilities,Power Generation and Distribution,SO,132793
2,ONGC,ong,ong,S,INE213A01029,Oil & Natural Gas Corporation ,7/19/1995,Oil and Gas,Exploration and Production,SO,238830
2,RELIANCE,ri,ri,C,INE002A01018,Reliance Industries ,11/29/1995,Oil and Gas,Exploration and Production,SO,429173
2,SIEMENS,s,s,S,INE003A01024,Siemens ,9/6/1995,Engineering Equipment,Electrical Equipment,SO,48937
2,SBIN,sbi,sbi,C,INE062A01020,State Bank of India,3/1/1995,Finance,Public Sector Bank,P,242363
2,TATACOFFEE,cc23,tc14,C,INE493A01027,Tata Coffee ,2/16/2000,Consumer Nondurables,Tea and Coffee,SO,2484
2,TATAGLOBAL,tt,tt,C,INE192A01025,Tata Global Beverages ,11/18/1998,Consumer Nondurables,Branded Beverages,SO,9640
2,TATAPOWER,tpc,tpc,C,INE245A01021,Tata Power Company ,4/3/1996,Utilities,Power Generation and Distribution,SO,22584
1,TITAN,ti01,ti01,S,INE280A01028,Titan Company ,9/24/2004,Consumer Durables,Branded Durables,SO,43033
2,VSTIND,vst,vst,S,INE710A01016,VST Industries ,9/5/2003,Consumer Nondurables,Tobacco,SO,4634
1,YESBANK,yb,yb,S,INE528G01019,Yes Bank ,7/12/2005,Finance,Private Sector Bank,P,73734
2,BANKBARODA,bob,bob,S,INE028A01039,Bank of Baroda,2/19/1997,Finance,Public Sector Bank,P,43467
2,SKFINDIA,skf,skf01,S,INE640A01023,SKF India ,1/27/1999,Manufacturing,Bearings,SO,8629
2,AMBUJACEM,gac,ac18,C,INE079A01024,Ambuja Cements ,2/18/1998,Construction Materials,Cement,SO,51526
2,GATI,gc18,g04,C,INE152B01027,GATI ,10/10/2006,Services,Logistics,SO,1163
2,SINTEX,si27,si27,C,INE429C01035,Sintex Industries ,11/5/1998,Manufacturing,Plastic Products,SO,6234
1,M&MFIN,mmf04,mmf04,C,INE774D01024,Mahindra & Mahindra Financial Services ,3/17/2006,Finance,General Finance,SO,18505
2,JKTYRE,jki,jkt01,C,INE573A01042,JK Tyre & Industries ,3/19/2007,Automotive,Tyres and Rubber Products,SO,4077
2,APOLLOTYRE,at,at14,C,INE438A01022,Apollo Tyres ,5/31/1995,Automotive,Tyres and Rubber Products,SO,12309
2,ZEEL,zt,zee,C,INE256A01028,Zee Entertainment Enterprises ,9/9/1998,Media,TV Broadcasting,SO,48295
2,ULTRACEMCO,utc,utc01,C,INE481G01011,UltraTech Cement ,8/24/2004,Construction Materials,Cement,SO,121141
2,NMDC,nmd01,nmd02,S,INE584A01023,NMDC ,3/3/2008,Metals and Mining,Mining,SO,39406
1,BAJFINANCE,baf,baf,S,INE296A01016,Bajaj Finance ,4/1/2003,Finance,General Finance,SO,70370
2,GPPL,gpp03,gpp03,S,INE517F01014,Gujarat Pipavav Port ,9/9/2010,Services,Ports,SO,7697
2,HINDALCO,h,hi,S,INE038A01020,Hindalco Industries ,1/8/1997,Metals and Mining,Aluminium,SO,41455
2,INDIGO,ia05,ia04,S,INE646L01027,InterGlobe Aviation ,11/10/2015,Services,Airlines,SO,40450
2,IFBAGRO,ifb,ifb,S,INE076C01018,IFB Agro Industries ,4/3/1996,Consumer Nondurables,Alcoholic Beverages,SO,414
2,EDL,ed,ed,S,INE180G01019,Empee Distilleries ,11/26/2007,Consumer Nondurables,Alcoholic Beverages,S,87
2,PIONDIST,pdl,pdl,S,INE889E01010,Pioneer Distilleries ,6/15/2010,Consumer Nondurables,Alcoholic Beverages,S,186
2,GLOBUSSPR,gs15,gs,S,INE615I01010,Globus Spirits ,9/23/2009,Consumer Nondurables,Alcoholic Beverages,S,189
2,TI,ti09,ti09,C,INE133E01013,Tilaknagar Industries ,7/16/2010,Consumer Nondurables,Alcoholic Beverages,S,161
2,GMBREW,gmb,gmb,S,INE075D01018,GM Breweries ,8/23/1995,Consumer Nondurables,Alcoholic Beverages,S,646
1,RADICO,rk01,rk01,S,INE944F01028,Radico Khaitan ,6/18/2003,Consumer Nondurables,Branded Alcoholic Beverages,SO,1607
2,MANPASAND,mb03,mb04,S,INE122R01018,Manpasand Beverages ,7/9/2015,Consumer Nondurables,Branded Beverages,S,3913
2,PRABHAT,pd07,pd07,C,INE302M01033,Prabhat Dairy ,9/21/2015,Consumer Nondurables,Branded Dairy Products,S,1158
1,KWALITY,kdi01,kdi01,S,INE775B01025,kwality ,7/5/2011,Consumer Nondurables,Branded Dairy Products,SO,3518
2,VADILALIND,vi01,vi01,S,INE694D01016,Vadilal Industries ,6/15/2011,Consumer Nondurables,Branded Dairy Products,S,699
1,HATSUN,hap,hap,S,INE473B01035,Hatsun Agro Product ,6/20/2014,Consumer Nondurables,Branded Dairy Products,SO,9393
1,HERITGFOOD,hfi,hfi,C,INE978A01019,Heritage Foods ,11/27/1996,Consumer Nondurables,Branded Foods,SO,2605
1,KRBL,krb,krb01,C,INE001B01026,KRBL ,1/21/2002,Consumer Nondurables,Branded Foods,SO,9798
2,MIRZAINT,mt03,mi46,S,INE771A01026,Mirza International ,4/28/1999,Consumer Nondurables,Branded Footwear,SO,1432
2,LIBERTSHOE,ls02,ls02,S,INE557B01019,Liberty Shoes ,9/27/1995,Consumer Nondurables,Branded Footwear,SO,298
1,RELAXO,rf07,rf07,S,INE131B01039,Relaxo Footwears ,6/17/2011,Consumer Nondurables,Branded Footwear,SO,5826
1,BAJAJCORP,bc14,bc02,S,INE933K01021,Bajaj Corp ,8/18/2010,Consumer Nondurables,Branded Personal Care,SO,5504
2,RUCHISOYA,rsi,rsi,S,INE619A01027,Ruchi Soya Industries ,1/2/2003,Consumer Nondurables,Edible Oils,S,866
2,JHS,jhs01,jhs01,C,INE544H01014,JHS Svendgaard Laboratories ,10/21/2006,Consumer Nondurables,Edible Oils,S,194
2,IVP,ivp,ivp,S,INE043C01018,IVP ,9/13/1995,Consumer Nondurables,Edible Oils,SO,168
2,JVLAGRO,jv01,jvl01,S,INE430G01026,JVL Agro Industries ,6/17/2011,Consumer Nondurables,Edible Oils,SO,333
2,GOKUL,grs,grs,S,INE020J01029,Gokul Refoils and Solvent ,6/4/2008,Consumer Nondurables,Edible Oils,SO,353
2,VIMALOIL,vof,vof,S,INE067D01015,Vimal Oil & Foods ,5/21/2013,Consumer Nondurables,Edible Oils,S,61
2,GAEL,gae,gae,S,INE036B01022,Gujarat Ambuja Exports ,10/11/2000,Consumer Nondurables,Edible Oils,SO,1665
2,ANIKINDS,mpg,ai57,S,INE087B01017,Anik Industries ,5/21/2008,Consumer Nondurables,Edible Oils,S,91
2,SKMEGGPROD,sep,skm,S,INE411D01015,SKM Egg Products Export (India) ,3/14/1997,Consumer Nondurables,Food Processing,S,202
2,LAKSHMIEFL,loi,lef,C,INE992B01026,Lakshmi Energy and Foods ,2/6/2007,Consumer Nondurables,Food Processing,S,360
2,KOHINOOR,so01,kf15,S,INE080B01012,Kohinoor Foods ,10/20/1999,Consumer Nondurables,Food Processing,S,269
2,DAAWAT,lto,ltf,C,INE818H01012,LT Foods ,12/18/2006,Consumer Nondurables,Food Processing,SO,1725
2,UMANGDAIRY,jkd,ud01,S,INE864B01027,Umang Dairies ,12/2/2015,Consumer Nondurables,Food Processing,S,173
2,ADFFOODS,adf01,af30,C,INE982B01019,ADF Foods ,9/15/2010,Consumer Nondurables,Food Processing,S,541
2,VENKEYS,wh01,v03,S,INE398A01010,Venky's (India) ,7/28/2003,Consumer Nondurables,Food Processing,S,1813
2,KOKUYOCMLN,c02,c02,S,INE760A01029,Kokuyo Camlin ,7/28/2008,Consumer Nondurables,Stationery,S,1042
2,EVEREADY,eii02,eii02,S,INE128A01029,Eveready Industries India ,4/27/2005,Consumer Nondurables,Stationery,S,2236
2,NIPPOBATRY,in01,nbc,S,INE567A01010,Indo-National ,10/6/1999,Consumer Nondurables,Stationery,SO,348
2,DHAMPURSUG,dsm,dsm,C,INE041A01016,Dhampur Sugar Mills ,3/29/1995,Consumer Nondurables,Stationery,S,1500
2,ARCHIES,agg,a15,S,INE731A01020,Archies ,9/2/1998,Consumer Nondurables,Stationery,S,106
2,LINCPEN,lpp,lpp,S,INE802B01019,Linc Pen & Plastics ,3/9/2015,Consumer Nondurables,Stationery,SO,425
2,MCLEODRUSS,mri02,mri02,S,INE942G01012,Mcleod Russel India ,7/29/2005,Consumer Nondurables,Tea and Coffee,S,2082
2,BBTC,bbt,bbt,S,INE050A01025,Bombay Burmah Trading Corporation,4/3/1996,Consumer Nondurables,Tea and Coffee,S,6156
2,WILLAMAGOR,wmc,wmc,S,INE210A01017,Williamson Magor & Company ,2/8/1995,Consumer Nondurables,Tea and Coffee,S,93
2,HARRMALAYA,hm02,hm02,S,INE544A01019,Harrisons Malayalam ,2/8/1995,Consumer Nondurables,Tea and Coffee,S,174
2,GILLANDERS,gac03,gac03,S,INE047B01011,Gillanders Arbuthnot & Company ,12/14/2009,Consumer Nondurables,Tea and Coffee,S,151
2,JAYSREETEA,jti,jti,S,INE364A01020,Jayshree Tea & Industries ,2/15/1995,Consumer Nondurables,Tea and Coffee,S,313
1,CCL,cc10,cc10,C,INE421D01022,CCL Products (India) ,6/7/2004,Consumer Nondurables,Tea and Coffee,SO,4541
2,ROSSELLIND,rt08,rt08,S,INE847C01020,Rossell India ,9/25/2012,Consumer Nondurables,Tea and Coffee,S,419
2,AVTNPL,avt,avt02,S,INE488D01021,AVT Natural Products ,1/10/2007,Consumer Nondurables,Tea and Coffee,SO,750
2,GOLDENTOBC,gtc,gt09,S,INE973A01010,Golden Tobacco ,2/8/1995,Consumer Nondurables,Tobacco,S,119
2,KOTHARIPRO,kp06,kp06,S,INE823A01017,Kothari Products ,6/3/1998,Consumer Nondurables,Tobacco,S,575
2,BUTTERFLY,ga,ga,S,INE295F01017,Butterfly Gandhimathi Appliances ,4/28/2014,Consumer Durables,Branded Appliances,S,335
2,KHAITANELE,ke02,ke02,S,INE761A01019,Khaitan Electricals ,6/28/2000,Consumer Durables,Branded Appliances,S,33
1,BAJAJELEC,be,be,S,INE193E01025,Bajaj Electricals ,11/2/2007,Consumer Durables,Branded Appliances,S,3571
1,LAOPALA,log,lor,S,INE059D01020,La Opala RG ,3/16/2007,Consumer Durables,Branded Appliances,SO,3110
1,VGUARD,vi16,vi02,S,INE951I01019,V-Guard Industries ,3/13/2008,Consumer Durables,Branded Appliances,SO,8746
2,VIPIND,vip,vip,C,INE054A01027,VIP Industries ,3/2/2005,Consumer Durables,Branded Durables,SO,2783
2,SALORAINTL,si24,si24,S,INE924A01013,Salora International ,2/15/1995,Consumer Durables,Branded White Goods,S,51
2,IFBIND,ifb02,ifb02,S,INE559A01017,IFB Industries ,3/29/1995,Consumer Durables,Branded White Goods,SO,2587
2,FEDDERLOYD,fl,fl,S,INE249C01011,Fedders Lloyd Corporation ,9/15/2005,Consumer Durables,Branded White Goods,SO,281
1,BLUESTARCO,bs,bs,C,INE472A01039,Blue Star ,6/15/2000,Consumer Durables,Branded White Goods,SO,6671
1,WHIRLPOOL,wi,wi,S,INE716A01013,Whirlpool of India ,4/6/2010,Consumer Durables,Branded White Goods,SO,15282
1,SYMPHONY,scs04,scs04,S,INE225D01027,Symphony ,6/15/2011,Consumer Durables,Branded White Goods,SO,10340
2,VIDEOIND,vlf,vlf,S,INE703A01011,Videocon Industries ,7/31/1996,Consumer Durables,Branded White Goods,S,3480
2,PGEL,pe06,pe06,S,INE457L01011,PG Electroplast ,9/26/2011,Consumer Durables,Branded White Goods,S,298
2,MIRCELECTR,me,me,S,INE831A01028,MIRC Electronics ,5/24/2004,Consumer Durables,Branded White Goods,S,294
1,SYNGENE,si62,si10,S,INE398R01022,Syngene International ,8/11/2015,Pharmaceuticals,Chemistry,SO,9382
2,ASTEC,al13,al13,C,INE563J01010,Astec LifeSciences ,11/25/2009,Pharmaceuticals,Chemistry,S,1163
2,NATHBIOGEN,nbg,nbg,S,INE448G01010,Nath Bio-Genes (India) ,1/28/2014,Pharmaceuticals,Chemistry,S,357
1,HIKAL,hci,h05,S,INE475B01022,Hikal ,2/14/2001,Pharmaceuticals,Chemistry,SO,1787
2,PIRPHYTO,pls,pls,S,INE122J01015,Piramal Phytocare ,5/29/2008,Pharmaceuticals,Chemistry,S,210
2,MANGALAM,mdo,mdo,S,INE584F01014,Mangalam Drugs And Organics ,5/23/2005,Pharmaceuticals,Chemistry,SO,305
2,TTKHLTCARE,ttk,ttk,S,INE910C01018,TTK Healthcare ,12/2/2015,Pharmaceuticals,Chemistry,SO,602
1,JBCHEPHARM,jbc,jbc01,S,INE572A01028,JB Chemicals & Pharmaceuticals ,4/29/2003,Pharmaceuticals,Chemistry,SO,2764
2,BLISSGVS,bcp01,bgv,C,INE416D01022,Bliss GVS Pharma ,7/26/2010,Pharmaceuticals,Pharmaceuticals,SO,1724
2,ALEMBICLTD,acw,a08,S,INE426A01027,Alembic ,9/22/1999,Pharmaceuticals,Pharmaceuticals,S,1293
2,CELESTIAL,cl05,cl05,S,INE221I01017,Celestial Biolabs ,7/17/2007,Pharmaceuticals,Pharmaceuticals,SO,58
2,PANACEABIO,pb,pb02,S,INE922B01023,Panacea Biotec ,4/17/1996,Pharmaceuticals,Pharmaceuticals,S,930
2,ALPA,al11,al11,S,INE385I01010,Alpa Laboratories ,8/6/2007,Pharmaceuticals,Pharmaceuticals,S,85
2,JAGSNPHARM,jp02,jp02,S,INE048B01027,Jagsonpal Pharmaceuticals ,3/1/2000,Pharmaceuticals,Pharmaceuticals,SO,110
1,ABBOTINDIA,kp,ai51,S,INE358A01014,Abbott India ,1/8/2010,Pharmaceuticals,Pharmaceuticals,SO,8953
2,VENUSREM,vr01,vr01,S,INE411B01019,Venus Remedies ,12/20/2006,Pharmaceuticals,Pharmaceuticals,S,126
1,AARTIDRUGS,ad,ad,C,INE767A01016,Aarti Drugs ,9/19/2003,Pharmaceuticals,Pharmaceuticals,SO,1263
2,MOREPENLAB,ml06,ml06,S,INE083A01026,Morepen Laboratories ,11/24/1999,Pharmaceuticals,Pharmaceuticals,S,953
2,BALPHARMA,bp02,bp02,C,INE083D01012,Bal Pharma ,5/8/2006,Pharmaceuticals,Pharmaceuticals,S,140
2,BROOKS,bl04,bl,S,INE650L01011,Brooks Laboratories ,9/5/2011,Pharmaceuticals,Pharmaceuticals,SO,215
1,CAPLIPOINT,cpl,cpl,C,INE475E01018,Caplin Point Laboratories ,6/23/2014,Pharmaceuticals,Pharmaceuticals,SO,3001
1,ALKEM,al16,al05,C,INE540L01014,Alkem Laboratories ,12/23/2015,Pharmaceuticals,Pharmaceuticals,SO,22893
2,LYKALABS,ll02,ll02,C,INE933A01014,Lyka Labs ,2/8/1995,Pharmaceuticals,Pharmaceuticals,S,108
2,INDSWFTLAB,isl,isl,S,INE915B01019,Ind-Swift Laboratories ,7/2/1997,Pharmaceuticals,Pharmaceuticals,S,199
2,KOPRAN,k01,k01,C,INE082A01010,Kopran ,6/9/1999,Pharmaceuticals,Pharmaceuticals,SO,381
1,GRANULES,gi22,gi25,C,INE101D01020,Granules India ,6/20/2005,Pharmaceuticals,Pharmaceuticals,SO,3241
1,LINCOLN,lp06,lp06,C,INE405C01035,Lincoln Pharmaceuticals ,12/17/2015,Pharmaceuticals,Pharmaceuticals,SO,436
1,INDOCO,ir05,ir05,S,INE873D01024,Indoco Remedies ,1/14/2005,Pharmaceuticals,Pharmaceuticals,SO,2075
2,THEMISMED,tc05,tm04,C,INE083B01016,Themis Medicare ,4/2/2007,Pharmaceuticals,Pharmaceuticals,S,534
1,SHILPAMED,sa04,sm19,C,INE790G01031,Shilpa Medicare ,12/3/2009,Pharmaceuticals,Pharmaceuticals,SO,5641
1,HESTERBIO,hp03,hb01,S,INE782E01017,Hester Biosciences ,3/13/2015,Pharmaceuticals,Pharmaceuticals,SO,763
1,GUFICBIO,cf02,gb04,S,INE742B01025,Gufic Biosciences ,10/19/2004,Pharmaceuticals,Pharmaceuticals,SO,507
2,RPGLIFE,rpg03,rpg05,S,INE105J01010,RPG Life Sciences ,6/10/2008,Pharmaceuticals,Pharmaceuticals,S,618
1,NEULANDLAB,nl,nl,S,INE794A01010,Neuland Laboratories ,10/13/2008,Pharmaceuticals,Pharmaceuticals,SO,1195
2,AMRUTANJAN,a08,ahc01,S,INE098F01023,Amrutanjan Health Care ,1/2/2015,Pharmaceuticals,Pharmaceuticals,SO,1039
1,VIVIMEDLAB,vl07,vl07,C,INE526G01013,Vivimed Labs ,11/12/2012,Pharmaceuticals,Pharmaceuticals,SO,944
1,SMSPHARMA,sp37,sp38,S,INE812G01025,SMS Pharmaceuticals ,2/28/2007,Pharmaceuticals,Pharmaceuticals,SO,761
1,NATCOPHARM,np01,np07,C,INE987B01026,Natco Pharma ,12/27/1995,Pharmaceuticals,Pharmaceuticals,SO,15809
1,NECLIFE,nl01,nl01,S,INE023H01027,Nectar Lifesciences ,7/18/2005,Pharmaceuticals,Pharmaceuticals,SO,808
2,WANBURY,po,w12,S,INE107F01022,Wanbury ,1/29/2007,Pharmaceuticals,Pharmaceuticals,S,131
1,BIOCON,bl03,bl03,C,INE376G01013,Biocon ,4/7/2004,Pharmaceuticals,Pharmaceuticals,SO,21160
1,SANOFI,hmr,ap26,S,INE058A01010,Sanofi India ,5/19/2003,Pharmaceuticals,Pharmaceuticals,SO,9541
1,WOCKPHARMA,w05,w05,C,INE049B01025,Wockhardt ,2/23/2000,Pharmaceuticals,Pharmaceuticals,S,7531
1,MERCK,emi,m12,S,INE199A01012,Merck ,4/24/1996,Pharmaceuticals,Pharmaceuticals,S,1828
1,APLLTD,ap29,ap35,C,INE901L01018,Alembic Pharmaceuticals ,9/20/2011,Pharmaceuticals,Pharmaceuticals,SO,11062
1,AJANTPHARM,ap22,ap22,C,INE031B01049,Ajanta Pharma ,5/29/2000,Pharmaceuticals,Pharmaceuticals,SO,13935
1,PEL,np07,ph05,C,INE140A01024,Piramal Enterprises ,2/8/1995,Pharmaceuticals,Pharmaceuticals,SO,43197
2,MARKSANS,tp01,mp21,C,INE750C01026,Marksans Pharma ,1/21/2002,Pharmaceuticals,Pharmaceuticals,S,1995
1,UNICHEMLAB,ul02,ul02,S,INE351A01035,Unichem Laboratories ,2/7/2001,Pharmaceuticals,Pharmaceuticals,SO,2408
1,TORNTPHARM,tp06,tp06,C,INE685A01028,Torrent Pharmaceuticals ,11/25/2002,Pharmaceuticals,Pharmaceuticals,SO,21577
1,SUVEN,sp24,sls01,S,INE495B01038,Suven Life Sciences ,10/23/2003,Pharmaceuticals,Pharmaceuticals,SO,2395
1,DIVISLAB,dl03,dl03,S,INE361B01024,Divi's Laboratories ,3/12/2003,Pharmaceuticals,Pharmaceuticals,SO,16715
1,GLAXO,gi,gsk,S,INE159A01016,GlaxoSmithKline Pharmaceuticals ,12/15/2000,Pharmaceuticals,Pharmaceuticals,SO,20643
1,DISHMAN,dpc02,dpc02,C,INE353G01020,Dishman Pharmaceuticals and Chemicals,4/22/2004,Pharmaceuticals,Pharmaceuticals,SO,4970
2,ASTRAZEN,aid,azp,S,INE203A01020,AstraZeneca Pharma India ,5/4/2001,Pharmaceuticals,Pharmaceuticals,S,2447
1,FDC,fdc,fdc,S,INE258B01022,FDC ,8/7/1997,Pharmaceuticals,Pharmaceuticals,SO,3395
1,CADILAHC,chc,chc,C,INE010B01027,Cadila Healthcare ,4/18/2000,Pharmaceuticals,Pharmaceuticals,SO,47793
1,AUROPHARMA,ap,ap,C,INE406A01037,Aurobindo Pharma ,7/19/2000,Pharmaceuticals,Pharmaceuticals,SO,35384
1,JUBILANT,voc,jo03,C,INE700A01033,Jubilant Life Sciences ,6/16/2003,Pharmaceuticals,Pharmaceuticals,SO,12108
1,IPCALAB,il,il,S,INE571A01020,IPCA Laboratories ,2/8/1995,Pharmaceuticals,Pharmaceuticals,SO,6863
1,SPARC,spa,spa,S,INE232I01014,Sun Pharma Advanced Research,7/18/2007,Pharmaceuticals,Pharmaceuticals,S,7773
1,PFIZER,p,p,S,INE182A01018,Pfizer ,4/28/1999,Pharmaceuticals,Pharmaceuticals,SO,7828
1,STAR,sa10,sa10,C,INE939A01011,Strides Shasun ,2/2/2000,Pharmaceuticals,Pharmaceuticals,SO,9470
2,ALBK,ab15,ab15,S,INE428A01015,Allahabad Bank,11/29/2002,Finance,Public Sector Bank,P,6433
2,ANDHRABANK,ab14,ab14,S,INE434A01013,Andhra Bank,4/4/2001,Finance,Public Sector Bank,P,4938
1,BAJAJFINSV,bf04,bf04,C,INE918I01018,Bajaj Finserv ,5/26/2008,Finance,General Finance,SO,70694
1,BAJAJHLDNG,ba,bhi,C,INE118A01012,Bajaj Holdings & Investment ,3/15/1995,Finance,Holding Company,SO,23193
2,BANKINDIA,boi,boi,S,INE084A01016,Bank of India,4/30/1997,Finance,Public Sector Bank,P,19639
2,BIRLAMONEY,asc,abm01,C,INE865C01022,Aditya Birla Money ,2/7/2008,Finance,Financial Services,SO,288
1,CANBK,cb06,cb06,S,INE476A01014,Canara Bank,12/23/2002,Finance,Public Sector Bank,P,23533
1,CANFINHOME,cfh,cfh,S,INE477A01012,Can Fin Homes ,5/10/1995,Finance,Housing Finance,SO,7584
1,CAPF,fch,fch,C,INE688I01017,Capital First ,2/1/2008,Finance,General Finance,SO,7384
1,CARERATING,car,car,S,INE752H01013,Credit Analysis And Research ,12/26/2012,Finance,Ratings Research,SO,4588
2,CENTRALBK,cbo01,cbo01,S,INE483A01010,Central Bank of India,8/21/2007,Finance,Public Sector Bank,P,22409
2,CGCL,dsl01,mmf05,C,INE180C01018,Capri Global Capital ,10/29/2010,Finance,General Finance,SO,1098
1,CHOLAFIN,cif01,cdb,C,INE121A01016,Cholamandalam Investment and Finance,5/15/1996,Finance,General Finance,SO,16899
1,CORPBANK,cb,cb,S,INE112A01023,Corporation Bank,12/1/1997,Finance,Public Sector Bank,P,7123
1,CUB,cub,cub,S,INE491A01021,City Union Bank ,8/25/1998,Finance,Private Sector Bank,P,9968
1,DCBBANK,dcb01,dcb01,S,INE503A01015,DCB BANK ,10/27/2006,Finance,Private Sector Bank,P,5974
2,DENABANK,db,db,S,INE077A01010,Dena Bank,1/15/1997,Finance,Public Sector Bank,P,3719
2,DHANBANK,db01,db01,S,INE680A01011,Dhanlaxmi Bank ,4/1/2004,Finance,Private Sector Bank,P,827
1,DHFL,dhf,dhf,S,INE202B01012,Dewan Housing Finance Corporation ,10/1/2002,Finance,Housing Finance,SO,13844
1,EDELWEISS,ec06,ec01,C,INE532F01054,Edelweiss Financial Services ,12/12/2007,Finance,Financial Services,SO,14663
1,FEDERALBNK,fb,fb,S,INE171A01029,The Federal Bank ,2/8/1995,Finance,Private Sector Bank,P,20383
1,GICHSGFIN,gic,gic,S,INE289B01019,GIC Housing Finance ,5/8/1996,Finance,Housing Finance,SO,3113
1,IBULHSGFIN,ihf01,ihf01,C,INE148I01020,Indiabulls Housing Finance ,7/23/2013,Finance,Housing Finance,SO,47182
2,IBVENTURES,is08,is13,C,INE274G01010,Indiabulls Ventures ,4/2/2008,Finance,Financial Services,SO,4377
2,IDBI,idb,idb05,S,INE008A01015,IDBI Bank ,9/20/1995,Finance,Public Sector Bank,P,16295
1,IDFC,idf,idf,C,INE043D01016,IDFC ,8/12/2005,Finance,Corporate Lending,SO,10119
1,IDFCBANK,idf01,idf01,S,INE092T01019,IDFC Bank ,11/6/2015,Finance,Private Sector Bank,P,22181
2,IFCI,ifc,ifc02,S,INE039A01010,IFCI ,4/26/1995,Finance,Corporate Lending,SO,5385
1,IIFL,ii15,ii15,C,INE530B01024,IIFL Holdings ,5/17/2005,Finance,Financial Services,SO,15811
1,INDIANB,ib04,ib04,S,INE562A01011,Indian Bank,3/1/2007,Finance,Public Sector Bank,P,16942
2,IOB,iob,iob,S,INE565A01014,Indian Overseas Bank,12/7/2000,Finance,Public Sector Bank,P,7572
2,J&KBANK,jkb,jkb,S,INE168A01041,The Jammu & Kashmir Bank ,7/22/1998,Finance,Private Sector Bank,P,3996
1,JMFINANCIL,jms,jmf,C,INE780C01023,JM Financial ,10/10/2006,Finance,Financial Services,SO,9421
2,JSWHL,jsw,jsw,S,INE824G01012,JSW Holdings ,6/21/2005,Finance,Holding Company,SO,1767
1,KARURVYSYA,kvb,kvb,S,INE036D01010,Karur Vysya Bank ,7/26/2000,Finance,Private Sector Bank,P,7235
1,KTKBANK,kb04,kb04,S,INE614B01018,The Karnataka Bank ,5/10/2000,Finance,Private Sector Bank,P,4716
2,LAKSHVILAS,lvb,lvb,S,INE694C01018,Lakshmi Vilas Bank ,6/21/2000,Finance,Private Sector Bank,P,3500
1,L&TFH,lfh,lfh,C,INE498L01015,L&T Finance Holdings ,8/12/2011,Finance,Housing Finance,SO,23866
1,MAGMA,ml07,mf20,C,INE511C01022,Magma Fincorp ,4/27/2004,Finance,General Finance,SO,2797
2,MAHABANK,bm05,bm05,S,INE457A01014,Bank of Maharashtra,4/12/2004,Finance,Public Sector Bank,P,4229
1,MANAPPURAM,mgf01,mgf01,C,INE522D01027,Manappuram Finance ,12/1/2014,Finance,General Finance,SO,7590
1,MOTILALOFS,mof01,mof01,C,INE338I01027,Motilal Oswal Financial Services ,9/11/2007,Finance,Financial Services,SO,13380
1,MUTHOOTFIN,mf19,mf10,S,INE414G01012,Muthoot Finance ,5/6/2011,Finance,General Finance,SO,15844
2,ORIENTBANK,obc,obc,S,INE141A01014,Oriental Bank of Commerce,7/2/1997,Finance,Public Sector Bank,P,6106
1,PFC,pfc02,pfc02,S,INE134E01011,Power Finance Corporation ,2/23/2007,Finance,Corporate Lending,SO,43364
1,PFS,pif02,pif02,S,INE560K01014,PTC India Financial Services ,3/30/2011,Finance,Corporate Lending,SO,3050
1,PNB,pnb05,pnb05,S,INE160A01022,Punjab National Bank,4/24/2002,Finance,Public Sector Bank,P,37473
1,PNBGILTS,pnb04,pnb04,S,INE859A01011,PNB Gilts ,9/18/2000,Finance,Public Sector Bank,SO,983
2,PSB,psb,psb,S,INE608A01012,Punjab & Sind Bank,12/30/2010,Finance,Public Sector Bank,P,2746
1,RECLTD,rec02,rec02,S,INE020B01018,Rural Electrification Corporation ,3/12/2008,Finance,Corporate Lending,SO,42786
1,RELCAPITAL,rcf,rc,C,INE013A01015,Reliance Capital ,11/29/1995,Finance,Financial Services,SO,16676
1,REPCOHOME,rhf01,rhf,S,INE612J01015,Repco Home Finance ,4/1/2013,Finance,Housing Finance,SO,4723
1,SHRIRAMCIT,scu,scu,C,INE722A01011,Shriram City Union Finance ,4/4/2005,Finance,General Finance,SO,14024
1,SOUTHBANK,sib,sib,S,INE683A01023,The South Indian Bank ,12/8/1998,Finance,Private Sector Bank,P,4687
1,SREINFRA,sre,sre02,C,INE872A01014,SREI Infrastructure Finance ,12/20/1995,Finance,Corporate Lending,SO,5533
1,SRTRANSFIN,stf,stf,S,INE721A01013,Shriram Transport Finance Company ,12/11/1996,Finance,General Finance,SO,22559
1,SUNDARMFIN,sf20,sf20,S,INE660A01013,Sundaram Finance ,1/7/1998,Finance,General Finance,SO,16993
2,SYNDIBANK,sb9,sb9,S,INE667A01018,Syndicate Bank,12/22/1999,Finance,Public Sector Bank,P,8273
1,TATAINVEST,tic,tic,S,INE672A01018,Tata Investment Corporation ,6/24/1998,Finance,Holding Company,SO,3701
2,UCOBANK,uco,uco,S,INE691A01018,UCO Bank,10/9/2003,Finance,Public Sector Bank,P,6613
1,UNIONBANK,ubi01,ubi01,S,INE692A01016,Union Bank of India,9/24/2002,Finance,Public Sector Bank,P,12711
2,UNITEDBNK,ubo,ubo,S,INE695A01019,United Bank of India,3/18/2010,Finance,Public Sector Bank,P,3241
1,VIJAYABANK,vb03,vb03,S,INE705A01016,Vijaya Bank,1/10/2001,Finance,Public Sector Bank,P,8919
